"","roost","loafing","foraging"
"mean",0,0,0
"concentration",0.242698805314486,0.263882239253511,0.263882239277046
