"","roost","loafing","foraging"
"mean",2.72051402175371,101.429843907047,101.446571398592
"sd",0.0194612873029055,113.503528107751,140.079226758149
"zeromass",0.999998098490728,1.21685315938158e-06,6.29443959690776e-06
