"","roost","loafing","foraging"
"mean",2.54235803363237,11.2485017568902,133.434076797103
"sd",1.15605991682203,9.71556670531742,120.134079974856
"zeromass",0.999990957790378,1.75857838057199e-05,7.5575340057145e-06
