"Roosting","Stationary","Mobile","CI","Type"
0.11325052225094,0.27295416867731,0.273210875486848,"Estimate","concentration"
-0.283145287524509,0.260487512339108,0.260819820974291,"Lower","concentration"
0.509646332026389,0.285420825015512,0.285601929999405,"Upper","concentration"
