"Roosting","Stationary","Mobile","CI","Type"
0.242698805314486,0.263882239253511,0.263882239277046,"Estimate","concentration"
0.121066998295375,0.251442071920093,0.251442071942568,"Lower","concentration"
0.364330612333596,0.27632240658693,0.276322406611524,"Upper","concentration"
