"Type","Roosting_Estimate","Roosting_Lower","Roosting_Upper","Stationary_Estimate","Stationary_Lower","Stationary_Upper","Mobile_Estimate","Mobile_Lower","Mobile_Upper"
"mean",2.45571297750319,2.30461757319043,2.60680838181595,14.7416089309401,13.8356789036214,15.6475389582588,137.697233134274,134.554295220047,140.840171048501
"sd",3.02432183101045e-05,-2.31962687608846e-05,8.36827053810935e-05,13.4875620964123,12.4672944502758,14.5078297425488,122.187027197537,119.530844442689,124.843209952385
"zeromass",0.999996835458224,0.999967915831343,1.00002575508511,5.90968739332954e-07,-4.91433950774443e-06,6.09627698641034e-06,6.6278777740775e-06,-3.87024447243091e-05,5.19582002724641e-05
