"Type","Roosting_Estimate","Roosting_Lower","Roosting_Upper","Stationary_Estimate","Stationary_Lower","Stationary_Upper","Mobile_Estimate","Mobile_Lower","Mobile_Upper"
"mean",2.71236713600099,2.31421177929706,3.11052249270493,11.6988154770265,11.1604441439468,12.2371868101061,133.208042247268,130.465330151744,135.950754342793
"sd",0.899906059198971,-12.0560846272031,13.855896745601,10.1679890253416,9.58615023751008,10.7498278131731,119.836799701044,117.323243349775,122.350356052313
"zeromass",0.999994239822763,0.999946260860319,1.00004221878521,2.59273421193288e-05,-0.000124832277812635,0.000176686962051293,2.62008507408356e-05,-6.98573204542604e-05,0.000122259021935932
