"","roost","loafing","foraging"
"mean",0,0,0
"concentration",0.11325052225094,0.27295416867731,0.273210875486848
