"","roost","loafing","foraging"
"mean",2.71236713600099,11.6988154770265,133.208042247268
"sd",0.899906059198971,10.1679890253416,119.836799701044
"zeromass",0.999994239822763,2.59273421193288e-05,2.62008507408356e-05
