"","roost","loafing","foraging"
"mean",0,0,0
"concentration",0.200214410166522,0.264707225781948,0.265737692046487
